{"cameraMode":{"drawMode":0,"name":"Shaded","section":"Shading Mode"},"sceneLighting":false,"audioPlay":false,"sceneViewState":{"m_AlwaysRefresh":false,"showFog":true,"showSkybox":false,"showFlares":true,"showImageEffects":true,"showParticleSystems":true,"showVisualEffectGraphs":true,"m_FxEnabled":true},"in2DMode":false,"pivot":{"x":-0.004676059819757938,"y":0.0013100430369377137,"z":-0.016346290707588197},"rotation":{"x":-0.09763407707214356,"y":-0.02030309848487377,"z":0.001990816555917263,"w":-0.9950156211853027},"size":0.02282951958477497,"orthographic":false}