{"cameraMode":{"drawMode":0,"name":"Shaded","section":"Shading Mode"},"sceneLighting":false,"audioPlay":false,"sceneViewState":{"m_AlwaysRefresh":false,"showFog":true,"showSkybox":false,"showFlares":true,"showImageEffects":true,"showParticleSystems":true,"showVisualEffectGraphs":true,"m_FxEnabled":true},"in2DMode":false,"pivot":{"x":-0.06270723044872284,"y":-0.05682796984910965,"z":0.0970270037651062},"rotation":{"x":-0.2062244862318039,"y":0.38848865032196047,"z":-0.08965691924095154,"w":-0.8935965895652771},"size":0.39706581830978396,"orthographic":false}