{"cameraMode":{"drawMode":0,"name":"Shaded","section":"Shading Mode"},"sceneLighting":false,"audioPlay":false,"sceneViewState":{"m_AlwaysRefresh":false,"showFog":true,"showSkybox":false,"showFlares":true,"showImageEffects":true,"showParticleSystems":true,"showVisualEffectGraphs":true,"m_FxEnabled":true},"in2DMode":false,"pivot":{"x":0.0058825090527534489,"y":-0.000992432003840804,"z":-0.005252146162092686},"rotation":{"x":-0.16974656283855439,"y":-0.09092050790786743,"z":0.015728071331977845,"w":-0.9811610579490662},"size":0.007013207767158747,"orthographic":false}